Total Sales,Total Profit,Average Sales,Average Profit,Total Quantity
2296195.5903,286241.42260000005,230.14890150345792,28.690129557983365,37820
